smp.lane,smp.name,Index,lib_size,Pool
1,17a,1,394,X1
2,72b,2,414,X1
3,136c,3,411,X1
4,37d,4,407,X1
5,129e,5,402,X1
6,68f,6,398,X1
7,19g,7,390,X1
8,127h,8,388,X1
9,120i,9,394,X1
10,33j,10,398,X1
11,102k,11,399,X1
12,105l,12,411,X1
13,36m,13,393,X1
14,23n,14,391,X1
15,143o,15,389,X1
16,10p,16,394,X1
17,47q,18,394,X1
18,114r,19,401,X1
19,111s,20,405,X1
20,24t,21,401,X1
21,109u,22,406,X1
22,41v,23,400,X1
23,115w,25,395,X1
24,116x,27,401,X1
1,133a,1,415,X2
2,6b,2,386,X2
3,67c,3,437,X2
4,123d,4,419,X2
5,106e,5,404,X2
6,13f,6,444,X2
7,34g,7,399,X2
8,75h,8,388,X2
9,61i,9,403,X2
10,4j,10,399,X2
11,79k,11,401,X2
12,125l,12,404,X2
13,60m,13,403,X2
14,65n,14,412,X2
15,119o,15,408,X2
16,64p,16,370,X2
17,2q,18,408,X2
18,43r,19,399,X2
19,3s,20,423,X2
20,135t,21,400,X2
21,140u,22,403,X2
22,117v,23,410,X2
23,16w,25,404,X2
24,29x,27,398,X2
1,104a,1,364,X3
2,101b,2,365,X3
3,78c,3,363,X3
4,63d,4,372,X3
5,57e,5,363,X3
6,93f,6,367,X3
7,62g,7,372,X3
8,110h,8,366,X3
9,134i,9,377,X3
10,70j,10,374,X3
11,66k,11,372,X3
12,8l,12,374,X3
13,98m,13,372,X3
14,40n,14,375,X3
15,89o,15,379,X3
16,80p,16,376,X3
17,141q,18,385,X3
18,54r,19,382,X3
19,30s,20,375,X3
20,82t,21,375,X3
21,69u,22,381,X3
22,5v,23,380,X3
23,42w,25,383,X3
24,71x,27,382,X3
1,56a,1,429,X4
2,32b,2,414,X4
3,113c,3,426,X4
4,112d,4,445,X4
5,77e,5,427,X4
6,130f,6,429,X4
7,86g,7,450,X4
8,59h,8,425,X4
9,44i,9,431,X4
10,137j,10,432,X4
11,9k,11,425,X4
12,96l,12,427,X4
13,87m,13,453,X4
14,76n,14,431,X4
15,1o,15,436,X4
16,27p,16,411,X4
17,118q,18,438,X4
18,84r,19,431,X4
19,83s,20,429,X4
20,99t,21,428,X4
21,85u,22,429,X4
22,53v,23,436,X4
23,144w,25,435,X4
24,121x,27,440,X4
1,31a,1,389,X5
2,132b,2,394,X5
3,46c,3,416,X5
4,91d,4,419,X5
5,21e,5,408,X5
6,38f,6,391,X5
7,108g,7,397,X5
8,20h,8,393,X5
9,14i,9,393,X5
10,92j,10,396,X5
11,139k,11,405,X5
12,48l,12,409,X5
13,131m,13,407,X5
14,100n,14,407,X5
15,45o,15,400,X5
16,97p,16,407,X5
17,55q,18,421,X5
18,126r,19,411,X5
19,138s,20,418,X5
20,39t,21,402,X5
21,26u,22,409,X5
22,128v,23,428,X5
23,52w,25,415,X5
24,11x,27,410,X5
1,95a,1,410,X6
2,94b,2,416,X6
3,7c,3,429,X6
4,18d,4,425,X6
5,25e,5,416,X6
6,107f,6,424,X6
7,142g,7,419,X6
8,28h,8,418,X6
9,88i,9,426,X6
10,103j,10,425,X6
11,35k,11,452,X6
12,51l,12,416,X6
13,15m,13,416,X6
14,122n,14,443,X6
15,58o,15,430,X6
16,124p,16,431,X6
17,90q,18,429,X6
18,22r,19,451,X6
19,49s,20,421,X6
20,50t,21,415,X6
21,12u,22,426,X6
22,74v,23,420,X6
23,81w,25,423,X6
24,73x,27,422,X6
1,95a,1,410,Y1
2,94b,2,416,Y1
3,7c,3,429,Y1
4,18d,4,425,Y1
5,129e,5,402,Y1
6,107f,6,424,Y1
7,62g,7,372,Y1
8,75h,8,388,Y1
9,61i,9,403,Y1
10,4j,10,399,Y1
11,139k,11,405,Y1
12,125l,12,404,Y1
13,60m,13,403,Y1
14,122n,14,443,Y1
15,143o,15,389,Y1
16,80p,16,376,Y1
17,118q,18,438,Y1
18,126r,19,411,Y1
19,138s,20,418,Y1
20,82t,21,375,Y1
21,85u,22,429,Y1
22,117v,23,410,Y1
23,42w,25,383,Y1
24,73x,27,422,Y1
1,17a,1,394,Y2
2,132b,2,394,Y2
3,78c,3,363,Y2
4,123d,4,419,Y2
5,77e,5,427,Y2
6,68f,6,398,Y2
7,19g,7,390,Y2
8,59h,8,425,Y2
9,120i,9,394,Y2
10,70j,10,374,Y2
11,35k,11,452,Y2
12,48l,12,409,Y2
13,87m,13,453,Y2
14,23n,14,391,Y2
15,89o,15,379,Y2
16,64p,16,370,Y2
17,90q,18,429,Y2
18,54r,19,382,Y2
19,111s,20,405,Y2
20,39t,21,402,Y2
21,26u,22,409,Y2
22,128v,23,428,Y2
23,81w,25,423,Y2
24,116x,27,401,Y2
1,133a,1,415,Y3
2,6b,2,386,Y3
3,46c,3,416,Y3
4,91d,4,419,Y3
5,21e,5,408,Y3
6,38f,6,391,Y3
7,108g,7,397,Y3
8,127h,8,388,Y3
9,14i,9,393,Y3
10,92j,10,396,Y3
11,9k,11,425,Y3
12,8l,12,374,Y3
13,15m,13,416,Y3
14,40n,14,375,Y3
15,58o,15,430,Y3
16,124p,16,431,Y3
17,47q,18,394,Y3
18,22r,19,451,Y3
19,30s,20,375,Y3
20,24t,21,401,Y3
21,69u,22,381,Y3
22,53v,23,436,Y3
23,115w,25,395,Y3
24,71x,27,382,Y3
1,104a,1,364,Y4
2,101b,2,365,Y4
3,67c,3,437,Y4
4,37d,4,407,Y4
5,106e,5,404,Y4
6,13f,6,444,Y4
7,86g,7,450,Y4
8,110h,8,366,Y4
9,44i,9,431,Y4
10,33j,10,398,Y4
11,66k,11,372,Y4
12,105l,12,411,Y4
13,36m,13,393,Y4
14,65n,14,412,Y4
15,45o,15,400,Y4
16,10p,16,394,Y4
17,2q,18,408,Y4
18,43r,19,399,Y4
19,49s,20,421,Y4
20,135t,21,400,Y4
21,109u,22,406,Y4
22,74v,23,420,Y4
23,52w,25,415,Y4
24,29x,27,398,Y4
1,56a,1,429,Y5
2,32b,2,414,Y5
3,136c,3,411,Y5
4,112d,4,445,Y5
5,25e,5,416,Y5
6,130f,6,429,Y5
7,34g,7,399,Y5
8,28h,8,418,Y5
9,134i,9,377,Y5
10,103j,10,425,Y5
11,79k,11,401,Y5
12,96l,12,427,Y5
13,98m,13,372,Y5
14,76n,14,431,Y5
15,119o,15,408,Y5
16,97p,16,407,Y5
17,55q,18,421,Y5
18,114r,19,401,Y5
19,83s,20,429,Y5
20,99t,21,428,Y5
21,140u,22,403,Y5
22,5v,23,380,Y5
23,144w,25,435,Y5
24,11x,27,410,Y5
1,31a,1,389,Y6
2,72b,2,414,Y6
3,113c,3,426,Y6
4,63d,4,372,Y6
5,57e,5,363,Y6
6,93f,6,367,Y6
7,142g,7,419,Y6
8,20h,8,393,Y6
9,88i,9,426,Y6
10,137j,10,432,Y6
11,102k,11,399,Y6
12,51l,12,416,Y6
13,131m,13,407,Y6
14,100n,14,407,Y6
15,1o,15,436,Y6
16,27p,16,411,Y6
17,141q,18,385,Y6
18,84r,19,431,Y6
19,3s,20,423,Y6
20,50t,21,415,Y6
21,12u,22,426,Y6
22,41v,23,400,Y6
23,16w,25,404,Y6
24,121x,27,440,Y6
1,31a,1,389,Z1
2,101b,2,365,Z1
3,46c,3,416,Z1
4,18d,4,425,Z1
5,25e,5,416,Z1
6,93f,6,367,Z1
7,86g,7,450,Z1
8,59h,8,425,Z1
9,120i,9,394,Z1
10,137j,10,432,Z1
11,79k,11,401,Z1
12,48l,12,409,Z1
13,60m,13,403,Z1
14,100n,14,407,Z1
15,143o,15,389,Z1
16,64p,16,370,Z1
17,2q,18,408,Z1
18,84r,19,431,Z1
19,49s,20,421,Z1
20,99t,21,428,Z1
21,12u,22,426,Z1
22,5v,23,380,Z1
23,52w,25,415,Z1
24,116x,27,403,Z1
1,95a,1,410,Z2
2,32b,2,414,Z2
3,67c,3,437,Z2
4,123d,4,419,Z2
5,106e,5,404,Z2
6,13f,6,444,Z2
7,19g,7,389,Z2
8,28h,8,418,Z2
9,14i,9,393,Z2
10,70j,10,374,Z2
11,102k,11,399,Z2
12,96l,12,427,Z2
13,15m,13,416,Z2
14,76n,14,431,Z2
15,58o,15,430,Z2
16,97p,16,407,Z2
17,141q,18,385,Z2
18,22r,19,451,Z2
19,30s,20,375,Z2
20,82t,21,375,Z2
21,69u,22,381,Z2
22,53v,23,436,Z2
23,115w,25,395,Z2
24,11x,27,410,Z2
1,56a,1,429,Z3
2,72b,2,414,Z3
3,136c,3,411,Z3
4,37d,4,407,Z3
5,21e,5,408,Z3
6,68f,6,398,Z3
7,34g,7,399,Z3
8,127h,8,388,Z3
9,44i,9,431,Z3
10,33j,10,399,Z3
11,9k,11,425,Z3
12,125l,12,404,Z3
13,36m,13,395,Z3
14,122n,14,443,Z3
15,89o,15,379,Z3
16,80p,16,376,Z3
17,55q,18,421,Z3
18,54r,19,382,Z3
19,3s,20,423,Z3
20,24t,21,407,Z3
21,85u,22,429,Z3
22,128v,23,428,Z3
23,42w,25,383,Z3
24,29x,27,398,Z3
1,133a,1,415,Z4
2,132b,2,394,Z4
3,113c,3,426,Z4
4,63d,4,372,Z4
5,77e,5,427,Z4
6,130f,6,429,Z4
7,142g,7,419,Z4
8,75h,8,388,Z4
9,88i,9,426,Z4
10,103j,10,425,Z4
11,35k,11,456,Z4
12,105l,12,411,Z4
13,131m,13,407,Z4
14,65n,14,412,Z4
15,45o,15,400,Z4
16,27p,16,411,Z4
17,47q,18,402,Z4
18,126r,19,411,Z4
19,138s,20,418,Z4
20,50t,21,415,Z4
21,26u,22,409,Z4
22,117v,23,410,Z4
23,16w,25,404,Z4
24,121x,27,440,Z4
1,17a,1,400,Z5
2,94b,2,416,Z5
3,7c,3,429,Z5
4,91d,4,419,Z5
5,57e,5,363,Z5
6,38f,6,391,Z5
7,62g,7,372,Z5
8,20h,8,393,Z5
9,61i,9,403,Z5
10,4j,10,399,Z5
11,139k,11,405,Z5
12,8l,12,374,Z5
13,98m,13,372,Z5
14,23n,14,391,Z5
15,119o,15,408,Z5
16,10p,16,394,Z5
17,90q,18,429,Z5
18,43r,19,399,Z5
19,83s,20,429,Z5
20,39t,21,402,Z5
21,140u,22,403,Z5
22,41v,23,408,Z5
23,144w,25,435,Z5
24,71x,27,382,Z5
1,104a,1,364,Z6
2,6b,2,386,Z6
3,78c,3,363,Z6
4,112d,4,445,Z6
5,129e,5,402,Z6
6,107f,6,424,Z6
7,108g,7,397,Z6
8,110h,8,366,Z6
9,134i,9,377,Z6
10,92j,10,396,Z6
11,66k,11,372,Z6
12,51l,12,416,Z6
13,87m,13,453,Z6
14,40n,14,375,Z6
15,1o,15,436,Z6
16,124p,16,431,Z6
17,118q,18,438,Z6
18,114r,19,408,Z6
19,111s,20,405,Z6
20,135t,21,400,Z6
21,109u,22,406,Z6
22,74v,23,420,Z6
23,81w,25,423,Z6
24,73x,27,422,Z6
